name_hebrew,rate_percent,current_lat,current_lon,wikidata_lat,wikidata_lon,nominatim_lat,nominatim_lon,override_lat,override_lon,dist_cur_wd_km,dist_cur_nom_km,dist_wd_nom_km,max_dist_km,sources_with_coords,flag,in_override
אבו סנאן,12,32.9575,35.172777777778,32.9575,35.172777777778,,,,,0.0,,,0.0,2,ok,
אבו קורינאת (יישוב),12,31.1020379,34.9529995,,,31.1020379,34.9529995,,,,0.0,,0.0,2,ok,
אבו תלול,12,31.1434,34.9137,31.1434,34.9137,,,,,0.0,,,0.0,2,ok,
אביבים,14,33.089222222222,35.472063888889,33.089222222222,35.472063888889,,,,,0.0,,,0.0,2,ok,
אביגיל,10,31.4703,34.9474,,,,,31.4703,34.9474,,,,,1,ok,yes
אבירים,12,33.039569444444,35.287408333333,33.039569444444,35.287408333333,,,,,0.0,,,0.0,2,ok,
אבן מנחם,12,33.073827777778,35.294938888889,33.073827777778,35.294938888889,,,,,0.0,,,0.0,2,ok,
אבן שמואל,7,31.575397222222,34.7629,31.575397222222,34.7629,,,,,0.0,,,0.0,2,ok,
אבני איתן,12,32.8246384,35.7667337,,,32.8246384,35.7667337,,,,0.0,,0.0,2,ok,
אבנת,12,31.2683,34.7756,,,,,31.2683,34.7756,,,,,1,ok,yes
אבשלום,20,31.195402777778,34.331633333333,31.195402777778,34.331633333333,,,,,0.0,,,0.0,2,ok,
אדורה,7,31.552222222222,35.018888888889,31.552222222222,35.018888888889,,,,,0.0,,,0.0,2,ok,
אדוריים,7,31.5128,34.9274,,,,,31.5128,34.9274,,,,,1,ok,yes
אדמית,14,33.078408333333,35.210997222222,33.078408333333,35.210997222222,,,,,0.0,,,0.0,2,ok,
אודם,12,33.1943741,35.7483145,,,33.1943741,35.7483145,,,,0.0,,0.0,2,ok,
אוהד,20,31.236997222222,34.4322,31.236997222222,34.4322,,,,,0.0,,,0.0,2,ok,
אום בטין,12,31.280311111111,34.884852777778,31.280311111111,34.884852777778,,,,,0.0,,,0.0,2,ok,
אופקים,18,31.283333333333,34.616666666667,31.283333333333,34.616666666667,,,,,0.0,,,0.0,2,ok,
אור הגנוז,12,33.0051,35.445458333333,33.0051,35.445458333333,,,,,0.0,,,0.0,2,ok,
אור הנר,20,31.5575,34.601997222222,31.5575,34.601997222222,,,,,0.0,,,0.0,2,ok,
אורטל,12,33.085,35.761388888889,33.085,35.761388888889,,,,,0.0,,,0.0,2,ok,
אורים,14,31.303888888889,34.5225,31.303888888889,34.5225,,,,,0.0,,,0.0,2,ok,
אחוזם,7,31.553997222222,34.769797222222,31.553997222222,34.769797222222,,,,,0.0,,,0.0,2,ok,
אחיהוד,7,32.9078,35.1721,32.9078,35.1721,,,,,0.0,,,0.0,2,ok,
איבים,20,31.533597222222,34.609697222222,31.533597222222,34.609697222222,,,,,0.0,,,0.0,2,ok,
איילת השחר,7,33.022797222222,35.577597222222,33.022797222222,35.577597222222,,,,,0.0,,,0.0,2,ok,
אילון,12,33.0636,35.2205,33.0636,35.2205,,,,,0.0,,,0.0,2,ok,
אילות,12,29.581397222222,34.963,29.581397222222,34.963,,,,,0.0,,,0.0,2,ok,
איתן,7,31.571997222222,34.748397222222,31.571997222222,34.748397222222,,,,,0.0,,,0.0,2,ok,
אל -רום,12,33.1796457,35.7721224,,,33.1796457,35.7721224,,,,0.0,,0.0,2,ok,
אל סייד,12,31.2832614,34.9130197,,,31.2832614,34.9130197,,,,0.0,,0.0,2,ok,
אלומות,12,32.7068,35.545997222222,32.7068,35.545997222222,,,,,0.0,,,0.0,2,ok,
אלוני הבשן,14,33.0441337,35.83924,,,33.0441337,35.83924,,,,0.0,,0.0,2,ok,
אלי-עד,12,32.805058333333,35.734127777778,32.805058333333,35.734127777778,,,,,0.0,,,0.0,2,ok,
אליאב,7,31.531580555556,34.933002777778,31.531580555556,34.933002777778,,,,,0.0,,,0.0,2,ok,
אליפז,12,29.797297222222,35.0114,29.797297222222,35.0114,,,,,0.0,,,0.0,2,ok,
אליפלט,7,32.9474,35.5489,32.9474,35.5489,,,,,0.0,,,0.0,2,ok,
אלמגור,7,32.9125,35.6021,32.9125,35.6021,,,,,0.0,,,0.0,2,ok,
אלקוש,12,33.033227777778,35.322727777778,33.033227777778,35.322727777778,,,,,0.0,,,0.0,2,ok,
אמירים,10,32.938241666667,35.451733333333,32.938241666667,35.451733333333,,,,,0.0,,,0.0,2,ok,
אמנון,7,32.904497222222,35.5709,32.904497222222,35.5709,,,,,0.0,,,0.0,2,ok,
אמציה,7,31.532597222222,34.9136,31.532597222222,34.9136,,,,,0.0,,,0.0,2,ok,
אניעם,7,32.9568708,35.7397621,,,32.9568708,35.7397621,,,,0.0,,0.0,2,ok,
אספר,12,31.488,34.993,,,,,31.488,34.993,,,,,1,ok,yes
אפיק,12,32.779722222222,35.701388888889,32.779722222222,35.701388888889,,,,,0.0,,,0.0,2,ok,
אפיקים,12,32.6796,35.5778,32.6796,35.5778,,,,,0.0,,,0.0,2,ok,
ארגמן,12,32.1412,35.549,,,,,32.1412,35.549,,,,,1,ok,yes
ארז,20,31.559897222222,34.566097222222,31.559897222222,34.566097222222,,,,,0.0,,,0.0,2,ok,
אשבול,7,31.4465,34.667097222222,31.4465,34.667097222222,,,,,0.0,,,0.0,2,ok,
אשבל,7,32.8768,35.3061,32.8768,35.3061,,,,,0.0,,,0.0,2,ok,
אשדות יעקב (איחוד),12,32.65805556,35.58194444,32.65805556,35.58194444,,,,,0.0,,,0.0,2,ok,
אשחר,7,32.884866666667,35.301347222222,32.884866666667,35.301347222222,,,,,0.0,,,0.0,2,ok,
אשכולות,7,31.4256,34.6403,,,,,31.4256,34.6403,,,,,1,ok,yes
אשל הנשיא,7,31.326827777778,34.697497222222,31.326827777778,34.697497222222,,,,,0.0,,,0.0,2,ok,
אשלים,7,30.962497222222,34.7015,30.962497222222,34.7015,,,,,0.0,,,0.0,2,ok,
אשקלון,7,31.665833333333,34.566388888889,31.665833333333,34.566388888889,,,,,0.0,,,0.0,2,ok,
אשרת,7,32.9716,35.1554,32.9716,35.1554,,,,,0.0,,,0.0,2,ok,
באר אורה,12,29.711097222222,34.9791,29.711097222222,34.9791,,,,,0.0,,,0.0,2,ok,
באר מילכה,12,30.932311111111,34.407680555556,30.932311111111,34.407680555556,,,,,0.0,,,0.0,2,ok,
בארי,20,31.423888888889,34.489722222222,31.423888888889,34.489722222222,,,,,0.0,,,0.0,2,ok,
בוסתן הגליל,7,32.9512,35.082797222222,32.9512,35.082797222222,,,,,0.0,,,0.0,2,ok,
בוקעאתא,12,33.201388888889,35.779722222222,33.201388888889,35.779722222222,,,,,0.0,,,0.0,2,ok,
בטחה,7,31.334397222222,34.632397222222,31.334397222222,34.632397222222,,,,,0.0,,,0.0,2,ok,
ביר הדאג',12,31.0262625,34.7031024,,,31.0262625,34.7031024,,,,0.0,,0.0,2,ok,
ביריי ה,10,32.9553,35.4467,,,,,32.9553,35.4467,,,,,1,ok,yes
בית ג'ן,14,32.9653591,35.3764034,,,32.9653591,35.3764034,,,,0.0,,0.0,2,ok,
בית הגדי,14,31.424497222222,34.6062,31.424497222222,34.6062,,,,,0.0,,,0.0,2,ok,
בית הלל,12,33.2075,35.605697222222,33.2075,35.605697222222,,,,,0.0,,,0.0,2,ok,
בית העמק,7,32.971097222222,35.144897222222,32.971097222222,35.144897222222,,,,,0.0,,,0.0,2,ok,
בית הערבה,10,31.7301,35.4522,,,,,31.7301,35.4522,,,,,1,ok,yes
בית זרע,12,32.688897222222,35.573397222222,32.688897222222,35.573397222222,,,,,0.0,,,0.0,2,ok,
בית חוגלה,10,31.8267,35.4403,,,,,31.8267,35.4403,,,,,1,ok,yes
בית יוסף,12,32.558597222222,35.551697222222,32.558597222222,35.551697222222,,,,,0.0,,,0.0,2,ok,
בית קמה,7,31.445588888889,34.760544444444,31.445588888889,34.760544444444,,,,,0.0,,,0.0,2,ok,
בית שאן,12,32.496111111111,35.498888888889,32.496111111111,35.498888888889,,,,,0.0,,,0.0,2,ok,
בן עמ י,10,33.0065,35.1246,33.0065,35.1246,,,,,0.0,,,0.0,2,ok,
בני דקלים,7,31.51772118,34.91734695,31.51772118,34.91734695,,,,,0.0,,,0.0,2,ok,
בני יהוד ה,10,32.801106,35.663113,32.801106,35.663113,,,,,0.0,,,0.0,2,ok,
בני נצרים,20,31.161978,34.329889,31.161978,34.329889,,,,,0.0,,,0.0,2,ok,
בענה,12,32.928488888889,35.267786111111,32.928488888889,35.267786111111,,,,,0.0,,,0.0,2,ok,
בצת,12,33.0707,35.135897222222,33.0707,35.135897222222,,,,,0.0,,,0.0,2,ok,
בר יוחא י,12,32.997888888889,35.448938888889,32.997888888889,35.448938888889,,,,,0.0,,,0.0,2,ok,
ברור חי ל,20,31.5577,34.646997222222,31.5577,34.646997222222,,,,,0.0,,,0.0,2,ok,
ברוש,7,31.370797222222,34.633,31.370797222222,34.633,,,,,0.0,,,0.0,2,ok,
ברעם,14,33.058333333333,35.433333333333,33.058333333333,35.433333333333,,,,,0.0,,,0.0,2,ok,
בתרון,12,31.9074,34.7969,32.223801366469,35.54062623696,,,31.9074,34.7969,78.4,,,78.4,2,DISAGREE,yes
ג'דיידה-מכר,12,32.928333333333,35.156944444444,32.928333333333,35.156944444444,,,,,0.0,,,0.0,2,ok,
ג'ולס,7,32.8911,35.1672,,,,,32.8911,35.1672,,,,,1,ok,yes
ג'ש (גוש חלב),12,33.0239309,35.4450316,,,33.0239309,35.4450316,,,,0.0,,0.0,2,ok,
גבולות,14,31.2103,34.466097222222,31.2103,34.466097222222,,,,,0.0,,,0.0,2,ok,
גבים,20,31.5075,34.598611111111,31.5075,34.598611111111,,,,,0.0,,,0.0,2,ok,
גבעולים,14,31.396697222222,34.5915,31.396697222222,34.5915,,,,,0.0,,,0.0,2,ok,
גבעות בר,7,31.3566,34.756197222222,31.3566,34.756197222222,,,,,0.0,,,0.0,2,ok,
גבעת יואב,7,32.7967624,35.681303,,,32.7967624,35.681303,,,,0.0,,0.0,2,ok,
גברעם,20,31.592197222222,34.612697222222,31.592197222222,34.612697222222,,,,,0.0,,,0.0,2,ok,
גדות,7,33.018,35.617197222222,33.018,35.617197222222,,,,,0.0,,,0.0,2,ok,
גונן,7,33.122397222222,35.646397222222,33.122397222222,35.646397222222,,,,,0.0,,,0.0,2,ok,
גורן,12,33.0566,35.239197222222,33.0566,35.239197222222,,,,,0.0,,,0.0,2,ok,
גורנות הגליל,12,32.8338,35.2731,33.060327777778,35.248877777778,,,32.8338,35.2731,25.3,,,25.3,2,DISAGREE,yes
גילון,7,32.9031,35.2357,32.9031,35.2357,,,,,0.0,,,0.0,2,ok,
גילת,7,31.328497222222,34.649997222222,31.328497222222,34.649997222222,,,,,0.0,,,0.0,2,ok,
גינוסר,7,32.8475,35.522777777778,32.8475,35.522777777778,,,,,0.0,,,0.0,2,ok,
גיתה,7,32.966558333333,35.239197222222,32.966558333333,35.239197222222,,,,,0.0,,,0.0,2,ok,
געתון,10,33.006197222222,35.2145,33.006197222222,35.2145,,,,,0.0,,,0.0,2,ok,
גרופי ת,12,29.943597222222,35.068697222222,29.943597222222,35.068697222222,,,,,0.0,,,0.0,2,ok,
גשור,7,32.8191803,35.716008,,,32.8191803,35.716008,,,,0.0,,0.0,2,ok,
גשר,12,32.621302777778,35.5521,32.621302777778,35.5521,,,,,0.0,,,0.0,2,ok,
גשר הזיו,10,33.039,35.111297222222,33.039,35.111297222222,,,,,0.0,,,0.0,2,ok,
דביר,7,31.412297222222,34.825697222222,31.412297222222,34.825697222222,,,,,0.0,,,0.0,2,ok,
דגניה א',12,32.7084791,35.5748582,,,32.7084791,35.5748582,,,,0.0,,0.0,2,ok,
דגניה ב',12,32.6999198,35.5747095,,,32.6999198,35.5747095,,,,0.0,,0.0,2,ok,
"דוב""ב",14,33.0524574,35.4074874,,,33.0524574,35.4074874,,,,0.0,,0.0,2,ok,
דורו ת,20,31.506397222222,34.6454,31.506397222222,34.6454,,,,,0.0,,,0.0,2,ok,
דייר אל-אסד,12,32.9076,35.2172,,,,,32.9076,35.2172,,,,,1,ok,yes
דייר חנ א,12,32.8577,35.3683,,,,,32.8577,35.3683,,,,,1,ok,yes
דימונה,18,31.07,35.03,31.07,35.03,,,,,0.0,,,0.0,2,ok,
דישון,14,33.081572222222,35.516858333333,33.081572222222,35.516858333333,,,,,0.0,,,0.0,2,ok,
דלתון,12,33.0161,35.487497222222,33.0161,35.487497222222,,,,,0.0,,,0.0,2,ok,
דן,12,33.240277777778,35.653055555556,33.240277777778,35.653055555556,,,,,0.0,,,0.0,2,ok,
דפנה,14,33.23,35.638611111111,33.23,35.638611111111,,,,,0.0,,,0.0,2,ok,
דקל,20,31.1947,34.3485,31.1947,34.3485,,,,,0.0,,,0.0,2,ok,
דריג'את,12,31.299416666667,35.076213888889,31.299416666667,35.076213888889,,,,,0.0,,,0.0,2,ok,
האון,12,32.724727777778,35.621838888889,32.724727777778,35.621838888889,,,,,0.0,,,0.0,2,ok,
הגושרים,12,33.220833333333,35.623611111111,33.220833333333,35.623611111111,,,,,0.0,,,0.0,2,ok,
הילה,12,33.0358267,35.2443398,,,33.0358267,35.2443398,,,,0.0,,0.0,2,ok,
הר עמשא,7,31.343297222222,35.1017,31.343297222222,35.1017,,,,,0.0,,,0.0,2,ok,
הררית,7,32.846111111111,35.368055555556,32.846111111111,35.368055555556,,,,,0.0,,,0.0,2,ok,
זיקים,20,31.6079,34.521797222222,31.6079,34.521797222222,,,,,0.0,,,0.0,2,ok,
זמרת,20,31.448197222222,34.550697222222,31.448197222222,34.550697222222,,,,,0.0,,,0.0,2,ok,
זרועה,14,31.4582,34.6246,31.4582,34.6246,,,,,0.0,,,0.0,2,ok,
חג י,7,31.4607,35.0694,,,,,31.4607,35.0694,,,,,1,ok,yes
חד-נס,7,32.928396,35.6429709,,,32.928396,35.6429709,,,,0.0,,0.0,2,ok,
חולית,20,31.2301,34.326597222222,31.2301,34.326597222222,,,,,0.0,,,0.0,2,ok,
חולתה,7,33.051697222222,35.609697222222,33.051697222222,35.609697222222,,,,,0.0,,,0.0,2,ok,
חוסן,12,32.998197222222,35.297497222222,32.998197222222,35.297497222222,,,,,0.0,,,0.0,2,ok,
חוסנייה,12,32.900688888889,35.322547222222,32.900688888889,35.322547222222,,,,,0.0,,,0.0,2,ok,
חוקו ק,7,32.879897222222,35.4958,32.879897222222,35.4958,,,,,0.0,,,0.0,2,ok,
חורה,18,31.294166666667,34.931111111111,31.294166666667,34.931111111111,,,,,0.0,,,0.0,2,ok,
חורפי ש,14,33.017777777778,35.346111111111,33.017777777778,35.346111111111,,,,,0.0,,,0.0,2,ok,
חזון,10,32.9061,35.3937,32.9061,35.3937,,,,,0.0,,,0.0,2,ok,
חלוץ,7,32.950674,35.3121922,,,32.950674,35.3121922,,,,0.0,,0.0,2,ok,
חלץ,7,31.578097222222,34.658,31.578097222222,34.658,,,,,0.0,,,0.0,2,ok,
חמדיה,12,32.5202,35.519797222222,32.5202,35.519797222222,,,,,0.0,,,0.0,2,ok,
חמדת,12,32.9488949,35.4245296,,,32.9488949,35.4245296,,,,0.0,,0.0,2,ok,
חניתה,14,33.0876,35.173497222222,33.0876,35.173497222222,,,,,0.0,,,0.0,2,ok,
חספין,12,32.7929,35.7303,,,,,32.7929,35.7303,,,,,1,ok,yes
חצבה,12,30.7677,35.2802,30.7677,35.2802,,,,,0.0,,,0.0,2,ok,
חצור הגלילי ת,12,32.979472222222,35.543475,32.979472222222,35.543475,,,,,0.0,,,0.0,2,ok,
חצרים,7,31.240277777778,34.713888888889,31.240277777778,34.713888888889,,,,,0.0,,,0.0,2,ok,
חרשים,7,32.9564,35.3282,32.9564,35.3282,,,,,0.0,,,0.0,2,ok,
טבריה,12,32.789722222222,35.524722222222,32.789722222222,35.524722222222,,,,,0.0,,,0.0,2,ok,
טובא-זנגרייה,12,32.9663767,35.5938241,,,32.9663767,35.5938241,,,,0.0,,0.0,2,ok,
טירת צב י,12,32.421944444444,35.528333333333,32.421944444444,35.528333333333,,,,,0.0,,,0.0,2,ok,
טל-אל,7,32.926997222222,35.1792,32.926997222222,35.1792,,,,,0.0,,,0.0,2,ok,
טללים,7,30.9921,34.771997222222,30.9921,34.771997222222,,,,,0.0,,,0.0,2,ok,
טמרה,12,32.851147222222,35.207108333333,32.851147222222,35.207108333333,,,,,0.0,,,0.0,2,ok,
טנא,7,31.4033,34.9322,,,,,31.4033,34.9322,,,,,1,ok,yes
טפחו ת,10,32.8691,35.422497222222,32.8691,35.422497222222,,,,,0.0,,,0.0,2,ok,
יאנוח-ג'ת,12,32.9819,35.2499,32.9819,35.2499,,,,,0.0,,,0.0,2,ok,
יבול,20,31.189197222222,34.319297222222,31.189197222222,34.319297222222,,,,,0.0,,,0.0,2,ok,
יד מרדכ י,20,31.588611111111,34.558333333333,31.588611111111,34.558333333333,,,,,0.0,,,0.0,2,ok,
יהל,12,30.084097222222,35.1291,30.084097222222,35.1291,,,,,0.0,,,0.0,2,ok,
יובל,14,33.246697222222,35.598197222222,33.246697222222,35.598197222222,,,,,0.0,,,0.0,2,ok,
יובלים,7,32.8778,35.272,32.8778,35.272,,,,,0.0,,,0.0,2,ok,
יונדב,7,31.385527777778,35.00375,31.385527777778,35.00375,,,,,0.0,,,0.0,2,ok,
יונתן,12,32.9363,35.794497222222,32.9363,35.794497222222,,,,,0.0,,,0.0,2,ok,
יושיביה,14,31.4431,34.6101,31.4431,34.6101,,,,,0.0,,,0.0,2,ok,
יחיעם,7,32.995697222222,35.2205,32.995697222222,35.2205,,,,,0.0,,,0.0,2,ok,
יטבתה,12,29.895555555556,35.06,29.895555555556,35.06,,,,,0.0,,,0.0,2,ok,
יכינ י,20,31.483333333333,34.6,31.483333333333,34.6,,,,,0.0,,,0.0,2,ok,
יסוד המעלה,12,33.056111111111,35.604166666667,33.056111111111,35.604166666667,,,,,0.0,,,0.0,2,ok,
יסעור,7,32.9005,35.1662,32.9005,35.1662,,,,,0.0,,,0.0,2,ok,
יע ד,7,32.878883333333,35.242575,32.878883333333,35.242575,,,,,0.0,,,0.0,2,ok,
יערה,14,33.067,35.1848,33.067,35.1848,,,,,0.0,,,0.0,2,ok,
יפי ת,12,32.061483333333,35.474080555556,32.061483333333,35.474080555556,,,,,0.0,,,0.0,2,ok,
יפת ח,14,33.127697222222,35.551697222222,33.127697222222,35.551697222222,,,,,0.0,,,0.0,2,ok,
יראון,14,33.076997222222,35.4549,33.076997222222,35.4549,,,,,0.0,,,0.0,2,ok,
ירדנה,12,32.566697222222,35.5638,32.566697222222,35.5638,,,,,0.0,,,0.0,2,ok,
ירוחם,18,30.988888888889,34.933888888889,30.988888888889,34.933888888889,,,,,0.0,,,0.0,2,ok,
ירכא,12,32.933333333333,35.183333333333,32.933333333333,35.183333333333,,,,,0.0,,,0.0,2,ok,
ישע,20,31.2467,34.400197222222,31.2467,34.400197222222,,,,,0.0,,,0.0,2,ok,
יתד,20,31.206197222222,34.326797222222,31.206197222222,34.326797222222,,,,,0.0,,,0.0,2,ok,
כאבול,12,32.868333333333,35.211388888889,32.868333333333,35.211388888889,,,,,0.0,,,0.0,2,ok,
כברי,10,33.020897222222,35.149,33.020897222222,35.149,,,,,0.0,,,0.0,2,ok,
כדיתה,12,33.0058,35.4683,33.0058,35.4683,,,,,0.0,,,0.0,2,ok,
כורזים,7,32.910297222222,35.550697222222,32.910297222222,35.550697222222,,,,,0.0,,,0.0,2,ok,
כחל,7,32.8918,35.509597222222,32.8918,35.509597222222,,,,,0.0,,,0.0,2,ok,
כחלה,12,31.2152,34.9449,,,,,31.2152,34.9449,,,,,1,ok,yes
כיסופים,20,31.374166666667,34.399444444444,31.374166666667,34.399444444444,,,,,0.0,,,0.0,2,ok,
כישור,7,32.947619444444,35.249888888889,32.947619444444,35.249888888889,,,,,0.0,,,0.0,2,ok,
כליל,7,32.9823,35.197097222222,32.9823,35.197097222222,,,,,0.0,,,0.0,2,ok,
כלנית,10,32.873947222222,35.455091666667,32.873947222222,35.455091666667,,,,,0.0,,,0.0,2,ok,
כמאנה,12,32.911038888889,35.338697222222,32.911038888889,35.338697222222,,,,,0.0,,,0.0,2,ok,
כמהין,12,30.9,34.416666666667,30.9,34.416666666667,,,,,0.0,,,0.0,2,ok,
כמון,7,32.911,35.3607,32.911,35.3607,,,,,0.0,,,0.0,2,ok,
כנף,7,32.8700272,35.6982707,,,32.8700272,35.6982707,,,,0.0,,0.0,2,ok,
כנרת (מושבה),12,32.72249722,35.5643,32.72249722,35.5643,,,,,0.0,,,0.0,2,ok,
כנרת (קבוצה),12,32.72249722,35.5643,32.72249722,35.5643,,,,,0.0,,,0.0,2,ok,
כסיפה,18,31.2452491,35.0951505,,,31.2452491,35.0951505,,,,0.0,,0.0,2,ok,
כסרא-סמיע,14,32.963827777778,35.302308333333,32.963827777778,35.302308333333,,,,,0.0,,,0.0,2,ok,
כפר בלום,12,33.172222222222,35.609722222222,33.172222222222,35.609722222222,,,,,0.0,,,0.0,2,ok,
כפר גלעד י,12,33.2425,35.575,33.2425,35.575,,,,,0.0,,,0.0,2,ok,
כפר הנשיא,7,32.975,35.603888888889,32.975,35.603888888889,,,,,0.0,,,0.0,2,ok,
כפר חושן,12,33.012330555556,35.441488888889,33.012330555556,35.441488888889,,,,,0.0,,,0.0,2,ok,
כפר חנניה,10,32.9157,35.4226,32.9157,35.4226,,,,,0.0,,,0.0,2,ok,
כפר חרו ב,12,32.7625813,35.6628467,,,32.7625813,35.6628467,,,,0.0,,0.0,2,ok,
כפר יאסיף,7,32.954722222222,35.165277777778,32.954722222222,35.165277777778,,,,,0.0,,,0.0,2,ok,
כפר מימון,20,31.431897222222,34.536297222222,31.431897222222,34.536297222222,,,,,0.0,,,0.0,2,ok,
כפר מסריק,7,32.890797222222,35.099697222222,32.890797222222,35.099697222222,,,,,0.0,,,0.0,2,ok,
כפר סאלד,12,33.195277777778,35.6575,33.195277777778,35.6575,,,,,0.0,,,0.0,2,ok,
כפר עזה,20,31.483697222222,34.533997222222,31.483697222222,34.533997222222,,,,,0.0,,,0.0,2,ok,
כפר ראש הנקרה,14,33.0788,35.1043,,,,,33.0788,35.1043,,,,,1,ok,yes
כפר רופין,12,32.4575,35.555833333333,32.4575,35.555833333333,,,,,0.0,,,0.0,2,ok,
כפר שמאי,10,32.9568,35.457005555556,32.9568,35.457005555556,,,,,0.0,,,0.0,2,ok,
כרכום,7,32.9305,35.6081,32.9305,35.6081,,,,,0.0,,,0.0,2,ok,
כרם בן זמרה,12,33.0382,35.4686,33.0382,35.4686,,,,,0.0,,,0.0,2,ok,
כרם שלום,20,31.227697222222,34.284597222222,31.227697222222,34.284597222222,,,,,0.0,,,0.0,2,ok,
כרמי קטיף,7,31.537833333333,34.911944444444,31.537833333333,34.911944444444,,,,,0.0,,,0.0,2,ok,
כרמיאל,7,32.9,35.283333333333,32.9,35.283333333333,,,,,0.0,,,0.0,2,ok,
כרמייה,20,32.8827,35.6747,,,,,32.8827,35.6747,,,,,1,ok,yes
כרמים,7,31.3336,34.9185,31.3336,34.9185,,,,,0.0,,,0.0,2,ok,
כרמל,7,31.5374,35.0993,,,,,31.5374,35.0993,,,,,1,ok,yes
לבון,7,32.941497222222,35.287397222222,32.941497222222,35.287397222222,,,,,0.0,,,0.0,2,ok,
לבנים,10,32.0771293,34.8226476,,,32.0771293,34.8226476,,,,0.0,,0.0,2,ok,
להב,7,31.378297222222,34.870397222222,31.378297222222,34.870397222222,,,,,0.0,,,0.0,2,ok,
להבות הבשן,7,33.1415,35.646597222222,33.1415,35.646597222222,,,,,0.0,,,0.0,2,ok,
לוחמי הגיטאו ת,7,32.9723,35.0923,,,,,32.9723,35.0923,,,,,1,ok,yes
לוטם,7,32.882597222222,35.3573,32.882597222222,35.3573,,,,,0.0,,,0.0,2,ok,
לוטן,12,29.985497222222,35.088297222222,29.985497222222,35.088297222222,,,,,0.0,,,0.0,2,ok,
לימן,10,33.058997222222,35.1129,33.058997222222,35.1129,,,,,0.0,,,0.0,2,ok,
לפידו ת,7,32.959338888889,35.261669444444,32.959338888889,35.261669444444,,,,,0.0,,,0.0,2,ok,
לקיה,18,31.326388888889,34.858333333333,31.326388888889,34.858333333333,,,,,0.0,,,0.0,2,ok,
מבוא חמה,12,32.7363463,35.6556132,,,32.7363463,35.6556132,,,,0.0,,0.0,2,ok,
מבועים,7,31.4492,34.6535,31.4492,34.6535,,,,,0.0,,,0.0,2,ok,
מבטחים,20,31.2422,34.407897222222,31.2422,34.407897222222,,,,,0.0,,,0.0,2,ok,
מבקיעים,20,31.6216,34.578,31.6216,34.578,,,,,0.0,,,0.0,2,ok,
מג'ד אל-כרום,12,32.9220089,35.256722,,,32.9220089,35.256722,,,,0.0,,0.0,2,ok,
מג'דל שמס,20,33.2677595,35.7690612,,,33.2677595,35.7690612,,,,0.0,,0.0,2,ok,
מגאר,12,32.8858202,35.4062022,,,32.8858202,35.4062022,,,,0.0,,0.0,2,ok,
מגדל,10,32.839077777778,35.499294444444,32.839077777778,35.499294444444,,,,,0.0,,,0.0,2,ok,
מגן,20,31.299722222222,34.426388888889,31.299722222222,34.426388888889,,,,,0.0,,,0.0,2,ok,
מדרשת בן גוריון,7,30.8515927,34.7825759,,,30.8515927,34.7825759,,,,0.0,,0.0,2,ok,
מולדה,12,31.2582313,34.9824198,,,31.2582313,34.9824198,,,,0.0,,0.0,2,ok,
מורן,7,32.9194,35.395497222222,32.9194,35.395497222222,,,,,0.0,,,0.0,2,ok,
מזרעה,12,32.983333333333,35.098333333333,32.983333333333,35.098333333333,,,,,0.0,,,0.0,2,ok,
מחולה,12,32.2025,35.566,,,,,32.2025,35.566,,,,,1,ok,yes
מחנה טלי,7,32.7867,35.5534,,,,,32.7867,35.5534,,,,,1,ok,yes
מחנה יוכבד,10,32.4751,34.9533,,,,,32.4751,34.9533,,,,,1,ok,yes
מחנה יפה,7,32.6631,35.1089,,,,,32.6631,35.1089,,,,,1,ok,yes
מחנה יתיר,7,31.3584,35.0344,31.3478,35.0606,,,31.3584,35.0344,2.8,,,2.8,2,ok,yes
מחניים,7,32.9893,35.5703,32.9893,35.5703,,,,,0.0,,,0.0,2,ok,
מטולה,14,33.278888888889,35.576666666667,33.278888888889,35.576666666667,,,,,0.0,,,0.0,2,ok,
מיצר,12,32.7686851,35.7369807,,,32.7686851,35.7369807,,,,0.0,,0.0,2,ok,
מירון,12,32.983333333333,35.441666666667,32.983333333333,35.441666666667,,,,,0.0,,,0.0,2,ok,
מכחול,12,31.288611111111,35.075833333333,31.288611111111,35.075833333333,,,,,0.0,,,0.0,2,ok,
מכמנים,7,32.905833333333,35.327222222222,32.905833333333,35.327222222222,,,,,0.0,,,0.0,2,ok,
מלילות,14,31.388997222222,34.594797222222,31.388997222222,34.594797222222,,,,,0.0,,,0.0,2,ok,
מלכייה,14,33.0182,35.4072,,,,,33.0182,35.4072,,,,,1,ok,yes
מנוף,7,32.852497222222,35.2394,32.852497222222,35.2394,,,,,0.0,,,0.0,2,ok,
מנות,12,33.038697222222,35.195397222222,33.038697222222,35.195397222222,,,,,0.0,,,0.0,2,ok,
מנחמיה,12,32.6677,35.554,32.6677,35.554,,,,,0.0,,,0.0,2,ok,
מנרה,14,33.195833333333,35.544444444444,33.195833333333,35.544444444444,,,,,0.0,,,0.0,2,ok,
מסדה,12,32.68339722,35.5985,32.68339722,35.5985,,,,,0.0,,,0.0,2,ok,
מסלול,14,31.3243,34.5884,31.3243,34.5884,,,,,0.0,,,0.0,2,ok,
מסעדה,14,33.233055555556,35.740833333333,33.233055555556,35.740833333333,,,,,0.0,,,0.0,2,ok,
מעגלים,14,31.396697222222,34.598797222222,31.396697222222,34.598797222222,,,,,0.0,,,0.0,2,ok,
מעגן,12,32.706297222222,35.599897222222,32.706297222222,35.599897222222,,,,,0.0,,,0.0,2,ok,
מעוז חיים,12,32.493038888889,35.550641666667,32.493038888889,35.550641666667,,,,,0.0,,,0.0,2,ok,
מעון,12,31.3924,35.013,,,,,31.3924,35.013,,,,,1,ok,yes
מעונה,12,33.017497222222,35.258497222222,33.017497222222,35.258497222222,,,,,0.0,,,0.0,2,ok,
מעיין ברוך,14,33.2411,35.6088,33.2411,35.6088,,,,,0.0,,,0.0,2,ok,
מעיליא,10,33.025158333333,35.259558333333,33.025158333333,35.259558333333,,,,,0.0,,,0.0,2,ok,
מעלה גמלא,7,32.8899257,35.684851,,,32.8899257,35.684851,,,,0.0,,0.0,2,ok,
מעלות-תרשיחא,14,33.016666666667,35.270833333333,33.016666666667,35.270833333333,,,,,0.0,,,0.0,2,ok,
מפלסים,20,31.501897222222,34.564397222222,31.501897222222,34.564397222222,,,,,0.0,,,0.0,2,ok,
מצדות יהוד ה,10,31.3946,34.8984,,,,,31.3946,34.8984,,,,,1,ok,yes
מצובה,10,33.063297222222,35.1582,33.063297222222,35.1582,,,,,0.0,,,0.0,2,ok,
מצפה רמון,18,30.612777777778,34.801666666667,30.612777777778,34.801666666667,,,,,0.0,,,0.0,2,ok,
מצפה שלם,7,31.5772,35.4388,,,,,31.5772,35.4388,,,,,1,ok,yes
מרגליות,14,33.2148047,35.5444859,,,33.2148047,35.5444859,,,,0.0,,0.0,2,ok,
מרום גולן,12,33.1321192,35.7773161,,,33.1321192,35.7773161,,,,0.0,,0.0,2,ok,
מרחב עם,10,30.887283333333,34.828763888889,30.887283333333,34.828763888889,,,,,0.0,,,0.0,2,ok,
משאבי שדה,7,31.003797222222,34.7882,31.003797222222,34.7882,,,,,0.0,,,0.0,2,ok,
משגב עם,14,33.247777777778,35.548333333333,33.247777777778,35.548333333333,,,,,0.0,,,0.0,2,ok,
משואה,12,32.2548,35.5229,32.25485,34.86968,,,32.2548,35.5229,61.4,,,61.4,2,DISAGREE,yes
משכיות,12,33.0621,35.2706,,,30.6272162,34.7759251,33.0621,35.2706,,274.7,,274.7,2,DISAGREE,yes
משמר הירדן,7,33.005,35.5989,33.005,35.5989,,,,,0.0,,,0.0,2,ok,
משמר הנגב,7,31.364444444444,34.718888888889,31.364444444444,34.718888888889,,,,,0.0,,,0.0,2,ok,
מתת,14,33.040408333333,35.354847222222,33.040408333333,35.354847222222,,,,,0.0,,,0.0,2,ok,
נאות גולן,7,32.7867059,35.6929699,,,32.7867059,35.6929699,,,,0.0,,0.0,2,ok,
נאות הכיכר,12,30.933097222222,35.376697222222,30.933097222222,35.376697222222,,,,,0.0,,,0.0,2,ok,
נאות מרדכי,12,33.159936111111,35.596688888889,33.159936111111,35.596688888889,,,,,0.0,,,0.0,2,ok,
נאות סמדר,12,30.0483,35.025397222222,30.0483,35.025397222222,,,,,0.0,,,0.0,2,ok,
נבטים,7,31.223611111111,34.882777777778,31.223611111111,34.882777777778,,,,,0.0,,,0.0,2,ok,
נגוהות,7,31.3743,35.0099,,,,,31.3743,35.0099,,,,,1,ok,yes
נהרייה,12,33.0148724,35.1016842,,,33.0148724,35.1016842,,,,0.0,,0.0,2,ok,
נוב,12,32.832269,35.7831891,,,32.832269,35.7831891,,,,0.0,,0.0,2,ok,
נווה,20,31.161978,34.329889,31.161978,34.329889,,,,,0.0,,,0.0,2,ok,
נווה או ר,12,32.59,35.552777777778,32.59,35.552777777778,,,,,0.0,,,0.0,2,ok,
"נווה אטי""ב",12,33.2619578,35.7407856,,,33.2619578,35.7407856,,,,0.0,,0.0,2,ok,
נווה איתן,12,32.491130555556,35.531072222222,32.491130555556,35.531072222222,,,,,0.0,,,0.0,2,ok,
נווה זוהר,7,31.152091666667,35.365161111111,31.152091666667,35.365161111111,,,,,0.0,,,0.0,2,ok,
נווה זי ו,12,33.027,35.1846,33.027,35.1846,,,,,0.0,,,0.0,2,ok,
נווה חריף,12,30.0365,35.038697222222,30.0365,35.038697222222,,,,,0.0,,,0.0,2,ok,
נועם,7,31.567238888889,34.7889,31.567238888889,34.7889,,,,,0.0,,,0.0,2,ok,
נוף הגליל,12,32.716666666667,35.333333333333,32.716666666667,35.333333333333,,,,,0.0,,,0.0,2,ok,
נחל עוז,20,31.4725,34.4978,31.4725,34.4978,,,,,0.0,,,0.0,2,ok,
נחף,12,32.931944444444,35.3175,32.931944444444,35.3175,,,,,0.0,,,0.0,2,ok,
נטועה,14,33.064788888889,35.322769444444,33.064788888889,35.322769444444,,,,,0.0,,,0.0,2,ok,
נטור,12,32.8538055,35.7514617,,,32.8538055,35.7514617,,,,0.0,,0.0,2,ok,
נטע,7,31.478329,34.926518,31.478329,34.926518,,,,,0.0,,,0.0,2,ok,
ניצנה (קהילת חינוך),12,30.885983333333,34.422569444444,30.885983333333,34.422569444444,,,,,0.0,,,0.0,2,ok,
ניצני סינ י,12,30.903652777778,34.396519444444,30.903652777778,34.396519444444,,,,,0.0,,,0.0,2,ok,
ניר יצח ק,20,31.2373,34.3571,31.2373,34.3571,,,,,0.0,,,0.0,2,ok,
ניר משה,7,31.477697222222,34.631197222222,31.477697222222,34.631197222222,,,,,0.0,,,0.0,2,ok,
ניר עו ז,20,31.310197222222,34.402097222222,31.310197222222,34.402097222222,,,,,0.0,,,0.0,2,ok,
ניר עם,20,31.5194,34.580897222222,31.5194,34.580897222222,,,,,0.0,,,0.0,2,ok,
ניר עקיבא,7,31.469897222222,34.6467,31.469897222222,34.6467,,,,,0.0,,,0.0,2,ok,
נירים,20,31.335,34.395833333333,31.335,34.395833333333,,,,,0.0,,,0.0,2,ok,
נמרוד,12,33.2452094,35.7510271,,,33.2452094,35.7510271,,,,0.0,,0.0,2,ok,
נס עמים,7,32.966666666667,35.116666666667,32.966666666667,35.116666666667,,,,,0.0,,,0.0,2,ok,
"נעמ""ה",12,33.0291,35.7433,,,,,33.0291,35.7433,,,,,1,ok,yes
נתיב העשרה,20,31.5709,34.5394,31.5709,34.5394,,,,,0.0,,,0.0,2,ok,
נתיב השיירה,7,32.9947,35.1368,32.9947,35.1368,,,,,0.0,,,0.0,2,ok,
נתיבות,16,31.416666666667,34.583333333333,31.416666666667,34.583333333333,,,,,0.0,,,0.0,2,ok,
סאג'ור,12,32.9420108,35.3447234,,,32.9420108,35.3447234,,,,0.0,,0.0,2,ok,
סאסא,12,33.026897222222,35.3945,33.026897222222,35.3945,,,,,0.0,,,0.0,2,ok,
סוסיה,10,31.4117,35.1211,,,,,31.4117,35.1211,,,,,1,ok,yes
סופה,20,31.2373,34.3414,31.2373,34.3414,,,,,0.0,,,0.0,2,ok,
סח'נין,12,32.866666666667,35.3,32.866666666667,35.3,,,,,0.0,,,0.0,2,ok,
סלמה,12,32.8936503,35.3699046,,,32.8936503,35.3699046,,,,0.0,,0.0,2,ok,
סמר,12,29.8332,35.0219,29.8332,35.0219,,,,,0.0,,,0.0,2,ok,
סנסנה,7,31.344498,34.901256,31.344498,34.901256,,,,,0.0,,,0.0,2,ok,
סעד,20,31.4704,34.5349,31.4704,34.5349,,,,,0.0,,,0.0,2,ok,
סער,10,33.0285,35.1096,33.0285,35.1096,,,,,0.0,,,0.0,2,ok,
ספיר,12,30.6139,35.1843,30.6139,35.1843,,,,,0.0,,,0.0,2,ok,
ע'ג'ר,20,33.2421,35.6174,,,,,33.2421,35.6174,,,,,1,ok,yes
עבדון,12,33.048297222222,35.1805,33.048297222222,35.1805,,,,,0.0,,,0.0,2,ok,
עברון,10,32.991388888889,35.100277777778,32.991388888889,35.100277777778,,,,,0.0,,,0.0,2,ok,
עזוז,12,30.791763888889,34.472522222222,30.791763888889,34.472522222222,,,,,0.0,,,0.0,2,ok,
עידן,12,30.80555556,35.30027778,30.80555556,35.30027778,,,,,0.0,,,0.0,2,ok,
עין אל-אסד,12,32.941169444444,35.396388888889,32.941169444444,35.396388888889,,,,,0.0,,,0.0,2,ok,
עין ג ב,7,32.782763888889,35.639647222222,32.782763888889,35.639647222222,,,,,0.0,,,0.0,2,ok,
עין גד י,7,31.466666666667,35.394444444444,31.466666666667,35.394444444444,,,,,0.0,,,0.0,2,ok,
עין הבשו ר,20,31.282197222222,34.4502,31.282197222222,34.4502,,,,,0.0,,,0.0,2,ok,
עין המפרץ,7,32.902597222222,35.096297222222,32.902597222222,35.096297222222,,,,,0.0,,,0.0,2,ok,
"עין הנצי""ב",12,32.470197222222,35.5024,32.470197222222,35.5024,,,,,0.0,,,0.0,2,ok,
עין השלושה,20,31.3503,34.402597222222,31.3503,34.402597222222,,,,,0.0,,,0.0,2,ok,
עין זיוון,12,33.0962822,35.7961971,,,33.0962822,35.7961971,,,,0.0,,0.0,2,ok,
עין חצב ה,12,30.798055555556,35.246666666667,30.798055555556,35.246666666667,,,,,0.0,,,0.0,2,ok,
עין יה ב,12,30.6585,35.2368,30.6585,35.2368,,,,,0.0,,,0.0,2,ok,
עין יעק ב,12,33.010197222222,35.229197222222,33.010197222222,35.229197222222,,,,,0.0,,,0.0,2,ok,
עין קניי א,14,33.23694444,35.73083333,33.23694444,35.73083333,,,,,0.0,,,0.0,2,ok,
עין תמ ר,12,30.942,35.371897222222,30.942,35.371897222222,,,,,0.0,,,0.0,2,ok,
עיר אובו ת,7,30.8088,35.2458,30.8088,35.2458,,,,,0.0,,,0.0,2,ok,
עכו,12,32.926111111111,35.083888888889,32.926111111111,35.083888888889,,,,,0.0,,,0.0,2,ok,
עלומים,20,31.451597222222,34.513597222222,31.451597222222,34.513597222222,,,,,0.0,,,0.0,2,ok,
עלמה,12,33.0512,35.499897222222,33.0512,35.499897222222,,,,,0.0,,,0.0,2,ok,
עמוקה,10,32.997719444444,35.523838888889,32.997719444444,35.523838888889,,,,,0.0,,,0.0,2,ok,
עמיע ד,7,32.928247222222,35.5407,32.928247222222,35.5407,,,,,0.0,,,0.0,2,ok,
עמיעוז,20,31.2484,34.4142,31.2484,34.4142,,,,,0.0,,,0.0,2,ok,
עמיר,12,33.178333333333,35.620555555556,33.178333333333,35.620555555556,,,,,0.0,,,0.0,2,ok,
עמקה,7,32.979444444444,35.163333333333,32.979444444444,35.163333333333,,,,,0.0,,,0.0,2,ok,
עצמון שגב,7,32.8659821,35.2512054,,,32.8659821,35.2512054,,,,0.0,,0.0,2,ok,
עראבה,12,32.851111111111,35.338611111111,32.851111111111,35.338611111111,,,,,0.0,,,0.0,2,ok,
עראמשה,14,33.0886072,35.2299769,,,33.0886072,35.2299769,,,,0.0,,0.0,2,ok,
ערב אל נעים,12,32.8677,35.3175,,,,,32.8677,35.3175,,,,,1,ok,yes
ערד,18,31.260277777778,35.214722222222,31.260277777778,35.214722222222,,,,,0.0,,,0.0,2,ok,
ערערה-בנגב,18,31.1551446,35.0226451,,,31.1551446,35.0226451,,,,0.0,,0.0,2,ok,
עשהאל,7,31.373722222222,35.043805555556,31.373722222222,35.043805555556,,,,,0.0,,,0.0,2,ok,
עתניאל,10,31.431,35.0702,,,,,31.431,35.0702,,,,,1,ok,yes
פארן,12,30.363097222222,35.153597222222,30.363097222222,35.153597222222,,,,,0.0,,,0.0,2,ok,
פדויים,14,31.3273,34.611197222222,31.3273,34.611197222222,,,,,0.0,,,0.0,2,ok,
פורייה - כפר עבוד ה,7,32.6903,35.5534,,,,,32.6903,35.5534,,,,,1,ok,yes
פורייה - נווה עוב ד,7,32.6978,35.5551,,,,,32.6978,35.5551,,,,,1,ok,yes
פורייה עילי ת,7,32.7068,35.5572,,,,,32.7068,35.5572,,,,,1,ok,yes
פטי ש,14,31.326797222222,34.5602,31.326797222222,34.5602,,,,,0.0,,,0.0,2,ok,
פלך,7,32.933997222222,35.233697222222,32.933997222222,35.233697222222,,,,,0.0,,,0.0,2,ok,
פני חב ר,12,31.4244,35.1184,,,,,31.4244,35.1184,,,,,1,ok,yes
פסוטה,12,33.049444444444,35.305833333333,33.049444444444,35.305833333333,,,,,0.0,,,0.0,2,ok,
"פעמי תש""ז",7,31.4381567,34.6930068,,,31.4381567,34.6930068,,,,0.0,,0.0,2,ok,
פצאל,12,32.044,35.5072,,,,,32.044,35.5072,,,,,1,ok,yes
פקיעין (בוקייעה ),14,32.9775,35.333333333333,32.9775,35.333333333333,,,,,0.0,,,0.0,2,ok,
פקיעין חדשה,12,32.977,35.3303,,,,,32.977,35.3303,,,,,1,ok,yes
פרו ד,10,32.932297222222,35.433797222222,32.932297222222,35.433797222222,,,,,0.0,,,0.0,2,ok,
פרי גן,20,31.221097222222,34.3545,31.221097222222,34.3545,,,,,0.0,,,0.0,2,ok,
צאלים,14,31.2036,34.535097222222,31.2036,34.535097222222,,,,,0.0,,,0.0,2,ok,
צביה,7,32.8894552,35.3306239,,,32.8894552,35.3306239,,,,0.0,,0.0,2,ok,
צבעון,12,33.026097222222,35.4159,33.026097222222,35.4159,,,,,0.0,,,0.0,2,ok,
צוח ר,20,31.2356,34.426297222222,31.2356,34.426297222222,,,,,0.0,,,0.0,2,ok,
צופ ר,12,30.560633333333,35.181311111111,30.560633333333,35.181311111111,,,,,0.0,,,0.0,2,ok,
צוקים,12,30.490897222222,35.166697222222,30.490897222222,35.166697222222,,,,,0.0,,,0.0,2,ok,
צוריאל,12,33.0071,35.313058333333,33.0071,35.313058333333,,,,,0.0,,,0.0,2,ok,
צורי ת,7,32.901958333333,35.250641666667,32.901958333333,35.250641666667,,,,,0.0,,,0.0,2,ok,
צפת,12,32.965833333333,35.498333333333,32.965833333333,35.498333333333,,,,,0.0,,,0.0,2,ok,
קדם ערבה,10,30.6372,35.0503,,,,,30.6372,35.0503,,,,,1,ok,yes
קדמת צבי,7,33.0297367,35.6970294,,,33.0297367,35.6970294,,,,0.0,,0.0,2,ok,
קדרים,7,32.8984,35.474097222222,32.8984,35.474097222222,,,,,0.0,,,0.0,2,ok,
קורנית,7,32.8442,35.2522,32.8442,35.2522,,,,,0.0,,,0.0,2,ok,
קטורה,12,29.934166666667,35.070833333333,29.934166666667,35.070833333333,,,,,0.0,,,0.0,2,ok,
קלחים,7,31.446111111111,34.677777777778,31.446111111111,34.677777777778,,,,,0.0,,,0.0,2,ok,
קליה,10,31.7267,35.443,,,,,31.7267,35.443,,,,,1,ok,yes
קלע,7,33.131592,35.6837517,,,33.131592,35.6837517,,,,0.0,,0.0,2,ok,
קצר א-סר,12,32.7534,35.1821,,,,,32.7534,35.1821,,,,,1,ok,yes
קצרין,10,32.9903515,35.6865282,,,32.9903515,35.6865282,,,,0.0,,0.0,2,ok,
קריית ארבע,12,31.5303,35.119,,,,,31.5303,35.119,,,,,1,ok,yes
קריית שמונה,20,33.2075,35.569722222222,33.2075,35.569722222222,,,,,0.0,,,0.0,2,ok,
קשת,12,32.980733,35.8085857,,,32.980733,35.8085857,,,,0.0,,0.0,2,ok,
ראמה,7,32.93925,35.367113888889,32.93925,35.367113888889,,,,,0.0,,,0.0,2,ok,
ראס אל-עין,12,32.916861111111,35.372819444444,32.916861111111,35.372819444444,,,,,0.0,,,0.0,2,ok,
ראש פינה,7,32.969086111111,35.542455555556,32.969086111111,35.542455555556,,,,,0.0,,,0.0,2,ok,
רביבים,10,31.043613888889,34.721216666667,31.043613888889,34.721216666667,,,,,0.0,,,0.0,2,ok,
רביד,10,32.8506,35.462697222222,32.8506,35.462697222222,,,,,0.0,,,0.0,2,ok,
רגבה,7,32.976597222222,35.098997222222,32.976597222222,35.098997222222,,,,,0.0,,,0.0,2,ok,
רהט,16,31.3925,34.754444444444,31.3925,34.754444444444,,,,,0.0,,,0.0,2,ok,
רוח מדב ר,7,30.981666666667,34.733333333333,30.981666666667,34.733333333333,,,,,0.0,,,0.0,2,ok,
רוחמה,14,31.496677777778,34.705638888889,31.496677777778,34.705638888889,,,,,0.0,,,0.0,2,ok,
רוע י,12,32.1218,35.5534,,,,,32.1218,35.5534,,,,,1,ok,yes
רותם,12,32.37,35.53,,,,,32.37,35.53,,,,,1,ok,yes
רחוב,12,32.451,35.4884,32.451,35.4884,,,,,0.0,,,0.0,2,ok,
ריחאנייה,12,33.0482032,35.4872846,,,33.0482032,35.4872846,,,,0.0,,0.0,2,ok,
רמות,7,32.8494,35.6675,32.8494,35.6675,,,,,0.0,,,0.0,2,ok,
רמות נפתלי,12,33.1017,35.5534,33.1017,35.5534,,,,,0.0,,,0.0,2,ok,
רמת טראמפ,7,33.1326099,35.6906265,,,33.1326099,35.6906265,,,,0.0,,0.0,2,ok,
רמת מגשימים,12,32.845997222222,35.808597222222,32.845997222222,35.808597222222,,,,,0.0,,,0.0,2,ok,
רנן,7,31.338,34.6011,31.338,34.6011,,,,,0.0,,,0.0,2,ok,
רעים,20,31.386097222222,34.460297222222,31.386097222222,34.460297222222,,,,,0.0,,,0.0,2,ok,
רקפת,7,32.854597222222,35.2655,32.854597222222,35.2655,,,,,0.0,,,0.0,2,ok,
רתמים,7,31.053611111111,34.69,31.053611111111,34.69,,,,,0.0,,,0.0,2,ok,
שאר ישוב,12,33.2263,35.646597222222,33.2263,35.646597222222,,,,,0.0,,,0.0,2,ok,
שבי דרום,7,31.465934,34.638659,31.465934,34.638659,,,,,0.0,,,0.0,2,ok,
שבי ציון,7,32.979597222222,35.0822,32.979597222222,35.0822,,,,,0.0,,,0.0,2,ok,
שגב-שלום,18,31.194398,34.8405813,,,31.194398,34.8405813,,,,0.0,,0.0,2,ok,
שדה אליהו,12,32.440197222222,35.515,32.440197222222,35.515,,,,,0.0,,,0.0,2,ok,
שדה אליעזר,12,33.0452,35.564,33.0452,35.564,,,,,0.0,,,0.0,2,ok,
שדה בוקר,7,30.868889,34.7925,30.868889,34.7925,,,,,0.0,,,0.0,2,ok,
שדה דוד,7,31.576863888889,34.683869444444,31.576863888889,34.683869444444,,,,,0.0,,,0.0,2,ok,
שדה נחום,12,32.5253,35.481797222222,32.5253,35.481797222222,,,,,0.0,,,0.0,2,ok,
שדה נחמיה,12,33.186797222222,35.622397222222,33.186797222222,35.622397222222,,,,,0.0,,,0.0,2,ok,
שדה ניצן,20,31.229297222222,34.420097222222,31.229297222222,34.420097222222,,,,,0.0,,,0.0,2,ok,
שדה צבי,7,31.448797222222,34.7126,31.448797222222,34.7126,,,,,0.0,,,0.0,2,ok,
שדי אברהם,20,31.2127,34.3363,31.2127,34.3363,,,,,0.0,,,0.0,2,ok,
שדי תרומות,12,32.440197222222,35.485997222222,32.440197222222,35.485997222222,,,,,0.0,,,0.0,2,ok,
שדמות מחולה,12,32.1956,35.5693,,,,,32.1956,35.5693,,,,,1,ok,yes
שדרות,20,31.525,34.596944444444,31.525,34.596944444444,,,,,0.0,,,0.0,2,ok,
שובה,20,31.4512,34.545,31.4512,34.545,,,,,0.0,,,0.0,2,ok,
שובל,7,31.412777777778,34.742777777778,31.412777777778,34.742777777778,,,,,0.0,,,0.0,2,ok,
שומרה,14,33.082858333333,35.284238888889,33.082858333333,35.284238888889,,,,,0.0,,,0.0,2,ok,
שומרייה,12,31.6094,34.8314,,,,,31.6094,34.8314,,,,,1,ok,yes
שוקדה,20,31.4221,34.5245,31.4221,34.5245,,,,,0.0,,,0.0,2,ok,
שורשים,7,32.892344444444,35.257411111111,32.892344444444,35.257411111111,,,,,0.0,,,0.0,2,ok,
שזור,10,32.933197222222,35.3528,32.933197222222,35.3528,,,,,0.0,,,0.0,2,ok,
שחרות,10,29.904597222222,34.999697222222,29.904597222222,34.999697222222,,,,,0.0,,,0.0,2,ok,
שיבולים,14,31.3959,34.6077,31.3959,34.6077,,,,,0.0,,,0.0,2,ok,
שיזף,7,31.001666666667,34.765555555556,31.001666666667,34.765555555556,,,,,0.0,,,0.0,2,ok,
שיטים,10,30.17495894,35.01610932,30.17495894,35.01610932,,,,,0.0,,,0.0,2,ok,
שייח' דנון,12,32.9943175,35.1479211,,,32.9943175,35.1479211,,,,0.0,,0.0,2,ok,
שכניה,7,32.8479,35.247997222222,32.8479,35.247997222222,,,,,0.0,,,0.0,2,ok,
שלווה,7,31.563611111111,34.768055555556,31.563611111111,34.768055555556,,,,,0.0,,,0.0,2,ok,
שלווה במדבר,7,31.0863,35.2974,30.833277777778,34.736555555556,,,31.0863,35.2974,60.4,,,60.4,2,DISAGREE,yes
שלומי,20,33.083333333333,35.15,33.083333333333,35.15,,,,,0.0,,,0.0,2,ok,
שלומית,20,31.169055555556,34.305361111111,31.169055555556,34.305361111111,,,,,0.0,,,0.0,2,ok,
שמיר,12,33.165397222222,35.660697222222,33.165397222222,35.660697222222,,,,,0.0,,,0.0,2,ok,
שמעה,10,31.5241,35.0738,,,,,31.5241,35.0738,,,,,1,ok,yes
שמרת,7,32.9512,35.095597222222,32.9512,35.095597222222,,,,,0.0,,,0.0,2,ok,
שני (ליבנה),7,31.3562772,35.0692807,,,31.3562772,35.0692807,,,,0.0,,0.0,2,ok,
שניר,12,33.2404,35.677797222222,33.2404,35.677797222222,,,,,0.0,,,0.0,2,ok,
שעב,12,32.888888888889,35.236944444444,32.888888888889,35.236944444444,,,,,0.0,,,0.0,2,ok,
שעל,7,33.1167,35.7184,33.1167,35.7184,,,,,0.0,,,0.0,2,ok,
שער הגולן,12,32.6865,35.603297222222,32.6865,35.603297222222,,,,,0.0,,,0.0,2,ok,
שפר,10,32.944,35.4361,32.944,35.4361,,,,,0.0,,,0.0,2,ok,
שקף,7,31.515397222222,34.935997222222,31.515397222222,34.935997222222,,,,,0.0,,,0.0,2,ok,
שרשרת,14,31.404497222222,34.603297222222,31.404497222222,34.603297222222,,,,,0.0,,,0.0,2,ok,
שתולה,14,33.085538888889,35.313158333333,33.085538888889,35.313158333333,,,,,0.0,,,0.0,2,ok,
תאשור,7,31.3718709,34.6437068,,,31.3718709,34.6437068,,,,0.0,,0.0,2,ok,
תדהר,7,31.3793,34.629397222222,31.3793,34.629397222222,,,,,0.0,,,0.0,2,ok,
תובל,7,32.9288,35.245697222222,32.9288,35.245697222222,,,,,0.0,,,0.0,2,ok,
תושייה,20,31.4332368,34.5411813,,,31.4332368,34.5411813,,,,0.0,,0.0,2,ok,
תל קציר,12,32.7058,35.618,32.7058,35.618,,,,,0.0,,,0.0,2,ok,
תל שבע,18,31.249166666667,34.859444444444,31.249166666667,34.859444444444,,,,,0.0,,,0.0,2,ok,
תל תאומים,12,32.4425,35.495497222222,32.4425,35.495497222222,,,,,0.0,,,0.0,2,ok,
תלם,7,31.4763,34.8579,,,,,31.4763,34.8579,,,,,1,ok,yes
תלמי אליהו,20,31.2316,34.4288,31.2316,34.4288,,,,,0.0,,,0.0,2,ok,
"תלמי ביל""ו",7,31.437997222222,34.6452,31.437997222222,34.6452,,,,,0.0,,,0.0,2,ok,
תלמי יוסף,20,31.200097222222,34.3641,31.200097222222,34.3641,,,,,0.0,,,0.0,2,ok,
תלמים,7,31.563125,34.669416666667,31.563125,34.669416666667,,,,,0.0,,,0.0,2,ok,
תפרח,12,31.326297222222,34.6768,31.326297222222,34.6768,,,,,0.0,,,0.0,2,ok,
תקומה,20,31.4512,34.545,31.4512,34.545,,,,,0.0,,,0.0,2,ok,
